Rank,Country,ISO3,Population_M,Eligible_M,GX_Impact_Index,Tier,Need_Score,Readiness_Score,Treasury_GX_B,Treasury_USD_B,Individual_GX_B,Individual_USD_B,Grant_Impact_Multiple,Unbanked_Pct,Inflation_Pct,Remittance_Pct_GDP,Mobile_Per_100
1,Lebanon,LBN,5.8,3.48,71.4,Tier 2: Strong Impact,48.2,23.2,0.209,25.08,0.474,56.85,4.69,76.96,45.24,33.35,74.01
2,South Sudan,SSD,11.9,7.17,67.4,Tier 2: Strong Impact,55.7,11.6,0.430,51.60,0.975,116.95,,94.17,91.44,,46.62
3,"Micronesia, Fed. Sts.",FSM,0.1,0.07,66.5,Tier 2: Strong Impact,55.0,11.5,0.004,0.49,0.009,1.11,3.92,,,,19.99
4,Libya,LBY,7.4,4.43,63.3,Tier 2: Strong Impact,30.0,33.3,0.266,31.89,0.602,72.27,2.48,66.88,2.13,,192.97
5,Palestine,PSE,5.3,3.17,63.3,Tier 2: Strong Impact,39.2,24.1,0.190,22.85,0.432,51.79,6.30,66.36,53.67,18.18,76.69
6,Tajikistan,TJK,10.6,6.35,60.4,Tier 2: Strong Impact,39.5,20.9,0.381,45.75,0.864,103.71,12.17,45.48,,37.84,76.22
7,Marshall Islands,MHL,0.0,0.02,59.5,Tier 3: Moderate Impact,43.9,15.6,0.001,0.16,0.003,0.37,2.11,,,22.32,39.71
8,Nicaragua,NIC,6.9,4.15,59.4,Tier 3: Moderate Impact,35.7,23.7,0.249,29.88,0.564,67.72,5.73,76.53,4.62,26.18,105.84
9,El Salvador,SLV,6.3,3.80,59.3,Tier 3: Moderate Impact,29.4,29.9,0.228,27.38,0.517,62.06,2.92,56.60,0.85,24.48,179.71
10,Myanmar,MMR,54.5,32.70,59.0,Tier 3: Moderate Impact,31.9,27.2,1.962,235.44,4.447,533.66,12.01,52.21,,,121.03
11,Kyrgyz Republic,KGZ,7.2,4.33,55.1,Tier 3: Moderate Impact,27.5,27.5,0.260,31.20,0.589,70.72,6.74,27.74,5.00,26.58,108.59
12,Argentina,ARG,45.7,27.42,54.5,Tier 3: Moderate Impact,25.0,29.5,1.645,197.41,3.729,447.46,1.17,18.26,219.88,0.16,137.71
13,Montenegro,MNE,0.6,0.37,54.5,Tier 3: Moderate Impact,22.0,32.5,0.022,2.69,0.051,6.11,1.23,24.59,3.34,10.53,207.24
14,Morocco,MAR,38.1,22.85,54.5,Tier 3: Moderate Impact,22.9,31.6,1.371,164.51,3.107,372.89,3.93,55.61,0.99,8.05,148.16
15,"Gambia, The",GMB,2.8,1.66,53.8,Tier 3: Moderate Impact,30.7,23.1,0.099,11.92,0.225,27.03,18.73,61.84,11.56,21.61,117.12
16,Suriname,SUR,0.6,0.38,53.7,Tier 3: Moderate Impact,24.3,29.4,0.023,2.74,0.052,6.21,2.34,,16.23,4.23,157.25
17,Tunisia,TUN,12.3,7.37,53.1,Tier 3: Moderate Impact,26.1,27.0,0.442,53.04,1.002,120.22,3.90,62.16,7.21,5.96,132.65
18,Turkmenistan,TKM,7.5,4.50,52.7,Tier 3: Moderate Impact,27.1,25.6,0.270,32.38,0.612,73.39,2.38,,,,
19,Uzbekistan,UZB,36.4,21.82,52.3,Tier 3: Moderate Impact,24.3,27.9,1.309,157.08,2.967,356.06,5.16,40.34,9.63,13.80,106.88
20,"Somalia, Fed. Rep.",SOM,19.0,11.41,51.8,Tier 3: Moderate Impact,35.7,16.1,0.684,82.12,1.551,186.14,25.92,,,,53.96
21,"Iran, Islamic Rep.",IRN,91.6,54.94,51.0,Tier 3: Moderate Impact,18.3,32.7,3.296,395.57,7.472,896.63,3.14,8.94,32.46,,166.28
22,Colombia,COL,52.9,31.73,50.8,Tier 3: Moderate Impact,19.4,31.4,1.904,228.47,4.316,517.86,2.06,42.94,6.61,2.76,166.98
23,"Egypt, Arab Rep.",EGY,116.5,69.92,50.6,Tier 3: Moderate Impact,25.0,25.6,4.195,503.45,9.510,1141.14,4.89,56.89,28.27,4.93,92.83
24,Honduras,HND,10.8,6.50,50.6,Tier 3: Moderate Impact,29.7,20.9,0.390,46.77,0.883,106.01,4.76,57.56,4.61,26.10,74.41
25,Georgia,GEO,3.7,2.22,50.5,Tier 3: Moderate Impact,21.2,29.3,0.133,15.98,0.302,36.23,1.77,21.18,1.11,13.65,155.25
26,Cambodia,KHM,17.6,10.58,50.4,Tier 3: Moderate Impact,23.9,26.5,0.635,76.20,1.439,172.72,6.21,60.97,0.81,6.57,120.81
27,Guatemala,GTM,18.4,11.04,50.4,Tier 3: Moderate Impact,26.3,24.1,0.663,79.52,1.502,180.24,2.65,61.72,2.87,19.14,113.71
28,Jamaica,JAM,2.8,1.70,50.4,Tier 3: Moderate Impact,23.6,26.8,0.102,12.27,0.232,27.80,2.10,26.70,5.41,16.81,115.09
29,Nepal,NPL,29.7,17.79,50.4,Tier 3: Moderate Impact,26.4,24.0,1.067,128.09,2.420,290.34,11.28,40.01,4.69,26.22,117.76
30,Lao PDR,LAO,7.8,4.66,49.8,Tier 3: Moderate Impact,29.0,20.8,0.280,33.57,0.634,76.08,7.68,62.35,23.13,1.81,64.76
31,Moldova,MDA,2.4,1.44,49.7,Tier 3: Moderate Impact,23.2,26.4,0.086,10.38,0.196,23.52,2.15,44.46,4.68,12.04,129.55
32,Philippines,PHL,115.8,69.51,49.6,Tier 3: Moderate Impact,21.5,28.1,4.170,500.44,9.453,1134.34,4.10,49.82,3.21,8.95,117.28
33,"Venezuela, RB",VEN,28.4,17.04,49.6,Tier 3: Moderate Impact,26.5,23.1,1.023,122.71,2.318,278.15,3.87,12.68,,,70.22
34,Cabo Verde,CPV,0.5,0.31,49.4,Tier 3: Moderate Impact,25.1,24.2,0.019,2.27,0.043,5.14,3.14,,1.05,12.63,113.02
35,Senegal,SEN,18.5,11.10,49.3,Tier 3: Moderate Impact,23.5,25.8,0.666,79.93,1.510,181.17,9.20,23.54,0.80,10.64,123.91
36,Zimbabwe,ZWE,16.6,9.98,49.2,Tier 3: Moderate Impact,28.6,20.5,0.599,71.86,1.357,162.88,6.54,50.48,,9.20,91.63
37,Mongolia,MNG,3.5,2.11,49.1,Tier 3: Moderate Impact,20.5,28.6,0.127,15.23,0.288,34.51,2.42,1.72,6.20,2.24,141.08
38,Viet Nam,VNM,101.0,60.59,48.9,Tier 3: Moderate Impact,19.8,29.1,3.636,436.27,8.241,988.87,3.46,29.45,3.62,,130.99
39,Jordan,JOR,11.6,6.93,48.7,Tier 3: Moderate Impact,24.5,24.2,0.416,49.91,0.943,113.13,3.53,53.54,1.56,8.53,67.55
40,Tonga,TON,0.1,0.06,48.7,Tier 3: Moderate Impact,31.0,17.7,0.004,0.45,0.009,1.02,2.89,,3.23,42.61,61.73
41,Ukraine,UKR,37.9,22.72,47.8,Tier 3: Moderate Impact,18.7,29.1,1.363,163.56,3.089,370.73,3.03,12.42,6.50,8.26,133.38
42,Comoros,COM,0.9,0.52,47.6,Tier 3: Moderate Impact,27.8,19.8,0.031,3.74,0.071,8.49,9.82,54.54,5.05,23.03,109.86
43,Pakistan,PAK,251.3,150.76,47.3,Tier 3: Moderate Impact,26.7,20.6,9.046,1085.48,20.504,2460.43,11.04,72.70,12.63,7.89,76.54
44,Cote d'Ivoire,CIV,31.9,19.16,47.1,Tier 3: Moderate Impact,19.1,28.0,1.150,137.96,2.606,312.70,5.98,42.43,3.45,1.62,171.99
45,Bhutan,BTN,0.8,0.47,47.0,Tier 3: Moderate Impact,22.1,24.9,0.028,3.42,0.065,7.75,4.26,,2.76,3.58,95.63
46,Kosovo,XKX,1.6,0.96,46.7,Tier 3: Moderate Impact,33.5,13.2,0.057,6.89,0.130,15.61,2.32,35.84,,,34.54
47,South Africa,ZAF,64.0,38.40,46.6,Tier 3: Moderate Impact,14.4,32.2,2.304,276.51,5.223,626.76,2.60,18.87,4.36,0.21,171.51
48,Afghanistan,AFG,42.6,25.59,46.4,Tier 3: Moderate Impact,30.8,15.6,1.535,184.24,3.480,417.60,39.44,90.35,-6.60,,55.55
49,Armenia,ARM,3.0,1.82,46.3,Tier 3: Moderate Impact,19.0,27.3,0.109,13.10,0.248,29.70,1.91,28.63,0.27,6.40,134.52
50,Turkiye,TUR,85.5,51.31,46.3,Tier 3: Moderate Impact,19.8,26.5,3.079,369.44,6.978,837.40,1.03,18.45,58.51,0.09,105.68
51,Algeria,DZA,46.8,28.09,46.2,Tier 3: Moderate Impact,19.5,26.7,1.685,202.24,3.820,458.41,2.84,64.71,4.05,0.75,111.61
52,Bangladesh,BGD,173.6,104.14,46.2,Tier 3: Moderate Impact,22.1,24.2,6.248,749.79,14.163,1699.52,6.29,56.72,10.47,5.05,111.28
53,Haiti,HTI,11.8,7.06,46.2,Tier 3: Moderate Impact,27.1,19.2,0.424,50.86,0.961,115.28,7.62,,26.95,18.91,65.19
54,Iraq,IRQ,46.0,27.63,46.2,Tier 3: Moderate Impact,19.8,26.4,1.658,198.90,3.757,450.84,2.69,69.84,-12.30,0.43,101.39
55,Lesotho,LSO,2.3,1.40,46.2,Tier 3: Moderate Impact,27.3,18.9,0.084,10.10,0.191,22.89,16.79,38.43,6.11,22.65,69.35
56,Russian Federation,RUS,143.5,86.12,46.2,Tier 3: Moderate Impact,12.1,34.1,5.167,620.07,11.712,1405.48,1.10,20.66,8.43,0.13,180.84
57,Sierra Leone,SLE,8.6,5.19,46.1,Tier 3: Moderate Impact,26.0,20.0,0.311,37.33,0.705,84.62,20.23,61.38,28.63,4.57,107.88
58,Paraguay,PRY,6.9,4.16,46.0,Tier 3: Moderate Impact,18.9,27.1,0.249,29.93,0.565,67.85,2.54,39.08,3.84,2.16,126.61
59,Indonesia,IDN,283.5,170.09,45.9,Tier 3: Moderate Impact,17.8,28.2,10.206,1224.67,23.133,2775.91,3.31,43.67,2.18,1.06,125.24
60,Thailand,THA,71.7,43.00,45.9,Tier 3: Moderate Impact,12.7,33.2,2.580,309.61,5.848,701.77,2.22,8.18,1.37,1.88,168.64
61,Belarus,BLR,9.1,5.48,45.7,Tier 3: Moderate Impact,16.9,28.8,0.329,39.45,0.745,89.43,1.96,,5.79,2.33,128.98
62,Eswatini,SWZ,1.2,0.75,45.7,Tier 3: Moderate Impact,21.0,24.7,0.045,5.37,0.101,12.17,4.17,34.88,,1.73,128.40
63,Chad,TCD,20.3,12.18,45.6,Tier 3: Moderate Impact,29.7,15.9,0.731,87.69,1.656,198.77,16.97,79.10,8.90,,70.19
64,Mauritius,MUS,1.2,0.75,45.6,Tier 3: Moderate Impact,16.6,29.0,0.045,5.38,0.102,12.20,1.36,10.40,3.60,2.24,165.26
65,Albania,ALB,2.4,1.43,45.5,Tier 3: Moderate Impact,21.9,23.6,0.086,10.27,0.194,23.28,1.43,53.93,2.22,8.67,93.00
66,Sudan,SDN,50.4,30.27,45.5,Tier 3: Moderate Impact,24.4,21.1,1.816,217.94,4.117,494.00,16.58,,,2.90,70.21
67,Mexico,MEX,130.9,78.52,45.0,Tier 3: Moderate Impact,18.1,26.9,4.711,565.32,10.678,1281.39,1.15,46.97,4.72,3.68,111.74
68,Nigeria,NGA,232.7,139.61,45.0,Tier 3: Moderate Impact,22.1,22.9,8.376,1005.18,18.987,2278.40,15.05,36.74,33.24,4.01,98.48
69,Fiji,FJI,0.9,0.56,44.8,Tier 4: Strategic Impact,20.5,24.3,0.033,4.01,0.076,9.09,2.54,,3.89,8.75,112.00
70,"Congo, Rep.",COG,6.3,3.80,44.7,Tier 4: Strategic Impact,24.0,20.8,0.228,27.36,0.517,62.01,6.57,44.42,3.09,,94.87
71,Peru,PER,34.2,20.53,44.7,Tier 4: Strategic Impact,17.2,27.5,1.232,147.82,2.792,335.06,1.93,40.69,2.01,1.67,121.98
72,Ghana,GHA,34.4,20.66,44.6,Tier 4: Strategic Impact,19.4,25.2,1.239,148.73,2.809,337.11,6.83,18.76,22.85,3.05,98.81
73,Sri Lanka,LKA,21.9,13.15,44.6,Tier 4: Strategic Impact,18.4,26.2,0.789,94.68,1.788,214.60,3.61,18.31,-0.43,7.19,142.28
74,Vanuatu,VUT,0.3,0.20,44.6,Tier 4: Strategic Impact,25.5,19.1,0.012,1.42,0.027,3.21,4.78,,11.18,18.75,89.29
75,Bolivia,BOL,12.4,7.45,44.5,Tier 4: Strategic Impact,19.1,25.4,0.447,53.63,1.013,121.55,3.69,43.15,5.10,2.77,101.57
76,Mauritania,MRT,5.2,3.10,44.3,Tier 4: Strategic Impact,23.7,20.6,0.186,22.33,0.422,50.62,7.73,72.69,2.49,1.56,90.77
77,Azerbaijan,AZE,10.2,6.12,44.2,Tier 4: Strategic Impact,17.3,26.8,0.367,44.08,0.833,99.91,2.24,43.70,2.21,2.64,107.69
78,Bosnia and Herzegovina,BIH,3.2,1.90,44.2,Tier 4: Strategic Impact,18.0,26.2,0.114,13.67,0.258,30.98,1.74,22.54,1.69,10.23,117.73
79,Guinea-Bissau,GNB,2.2,1.32,44.2,Tier 4: Strategic Impact,22.6,21.6,0.079,9.51,0.180,21.56,16.19,,3.77,9.61,128.11
80,Gabon,GAB,2.5,1.52,44.1,Tier 4: Strategic Impact,19.2,24.9,0.091,10.97,0.207,24.86,1.98,31.82,1.17,,122.61
81,Botswana,BWA,2.5,1.51,43.8,Tier 4: Strategic Impact,15.2,28.6,0.091,10.89,0.206,24.69,2.12,38.56,2.82,0.36,179.03
82,"Congo, Dem. Rep.",COD,109.3,65.57,43.6,Tier 4: Strategic Impact,27.4,16.2,3.934,472.07,8.917,1070.03,25.13,60.79,,4.72,53.19
83,Dominican Republic,DOM,11.4,6.86,43.6,Tier 4: Strategic Impact,18.8,24.8,0.411,49.37,0.932,111.90,1.50,35.22,3.30,8.82,91.87
84,Serbia,SRB,6.6,3.95,43.6,Tier 4: Strategic Impact,16.3,27.2,0.237,28.45,0.537,64.49,1.19,16.75,4.67,7.10,128.47
85,Ecuador,ECU,18.1,10.88,43.1,Tier 4: Strategic Impact,18.3,24.8,0.653,78.35,1.480,177.58,2.37,35.49,1.55,4.50,101.03
86,Kazakhstan,KAZ,20.6,12.36,43.1,Tier 4: Strategic Impact,14.5,28.5,0.741,88.96,1.680,201.64,1.15,12.95,8.69,0.12,127.11
87,Samoa,WSM,0.2,0.13,43.0,Tier 4: Strategic Impact,27.7,15.2,0.008,0.94,0.018,2.13,3.03,,2.17,25.35,62.40
88,Mozambique,MOZ,34.6,20.78,42.9,Tier 4: Strategic Impact,27.7,15.2,1.247,149.61,2.826,339.11,24.85,45.61,4.08,1.22,47.50
89,Niger,NER,27.0,16.22,42.9,Tier 4: Strategic Impact,27.0,15.8,0.973,116.78,2.206,264.70,22.20,85.17,9.07,3.74,65.74
90,Benin,BEN,14.5,8.68,42.8,Tier 4: Strategic Impact,20.8,21.9,0.521,62.48,1.180,141.62,10.99,48.16,1.16,1.72,116.04
91,Burkina Faso,BFA,23.5,14.13,42.8,Tier 4: Strategic Impact,21.4,21.5,0.848,101.73,1.922,230.59,16.62,48.57,4.19,2.91,116.16
92,Sao Tome and Principe,STP,0.2,0.14,42.8,Tier 4: Strategic Impact,24.8,17.9,0.008,1.02,0.019,2.31,4.68,,14.35,14.15,63.45
93,Guinea,GIN,14.8,8.85,42.7,Tier 4: Strategic Impact,22.3,20.4,0.531,63.74,1.204,144.48,9.63,63.95,8.12,2.22,97.88
94,Malaysia,MYS,35.6,21.33,42.6,Tier 4: Strategic Impact,11.6,31.0,1.280,153.61,2.902,348.18,1.37,11.31,1.83,0.43,142.73
95,Madagascar,MDG,32.0,19.18,42.3,Tier 4: Strategic Impact,24.9,17.4,1.151,138.09,2.608,313.00,29.95,75.55,7.61,1.96,75.46
96,Zambia,ZMB,21.3,12.79,42.3,Tier 4: Strategic Impact,21.3,21.1,0.767,92.08,1.739,208.72,13.75,27.30,14.99,0.89,102.06
97,Liberia,LBR,5.6,3.37,42.2,Tier 4: Strategic Impact,28.0,14.2,0.202,24.25,0.458,54.96,19.17,47.79,8.21,21.64,32.06
98,Mali,MLI,24.5,14.69,42.2,Tier 4: Strategic Impact,19.9,22.4,0.881,105.75,1.997,239.69,14.91,45.25,3.21,4.21,112.12
99,Togo,TGO,9.5,5.71,42.1,Tier 4: Strategic Impact,23.2,18.9,0.343,41.11,0.776,93.17,14.58,42.57,2.86,,75.79
100,Maldives,MDV,0.5,0.32,41.8,Tier 4: Strategic Impact,14.9,26.9,0.019,2.28,0.043,5.17,1.22,,1.40,0.08,141.60
101,North Macedonia,MKD,1.8,1.09,41.8,Tier 4: Strategic Impact,16.3,25.5,0.066,7.88,0.149,17.86,1.76,15.75,3.49,2.92,106.46
102,Equatorial Guinea,GNQ,1.9,1.14,41.6,Tier 4: Strategic Impact,23.6,18.1,0.068,8.18,0.154,18.53,2.42,,2.92,,49.54
103,Nauru,NRU,0.0,0.01,41.5,Tier 4: Strategic Impact,20.4,21.1,0.000,0.05,0.001,0.12,1.20,,,0.58,87.17
104,Romania,ROU,19.1,11.43,41.5,Tier 4: Strategic Impact,14.4,27.1,0.686,82.30,1.555,186.56,0.81,28.66,5.72,2.87,123.25
105,Timor-Leste,TLS,1.4,0.84,41.5,Tier 4: Strategic Impact,18.2,23.3,0.050,6.05,0.114,13.72,12.25,,2.06,9.28,112.65
106,Panama,PAN,4.5,2.71,41.1,Tier 4: Strategic Impact,14.2,26.9,0.163,19.51,0.368,44.22,0.85,35.90,0.69,0.62,156.59
107,Dominica,DMA,0.1,0.04,40.9,Tier 4: Strategic Impact,19.8,21.1,0.002,0.29,0.005,0.65,1.57,,2.57,5.23,85.19
108,St. Vincent and the Grenadines,VCT,0.1,0.06,40.8,Tier 4: Strategic Impact,19.1,21.7,0.004,0.43,0.008,0.99,1.42,,3.63,8.55,101.63
109,Angola,AGO,37.9,22.73,40.7,Tier 4: Strategic Impact,21.7,19.0,1.364,163.67,3.091,370.98,6.12,,28.24,0.01,70.05
110,Chile,CHL,19.8,11.86,40.5,Tier 4: Strategic Impact,11.4,29.2,0.712,85.38,1.613,193.54,0.98,14.93,4.30,0.03,135.87
111,China,CHN,1409.0,845.38,40.5,Tier 4: Strategic Impact,9.7,30.8,50.723,6086.77,114.972,13796.68,1.23,10.62,0.22,0.16,128.25
112,Tanzania,TZA,68.6,41.14,40.2,Tier 4: Strategic Impact,18.8,21.5,2.468,296.18,5.595,671.34,13.75,40.17,3.06,1.57,105.40
113,Cameroon,CMR,29.1,17.47,40.1,Tier 4: Strategic Impact,18.4,21.7,1.048,125.81,2.376,285.18,8.92,39.13,4.53,1.61,96.48
114,Costa Rica,CRI,5.1,3.08,40.0,Tier 4: Strategic Impact,13.0,27.0,0.185,22.16,0.419,50.23,0.88,28.65,-0.41,0.77,133.53
115,Antigua and Barbuda,ATG,0.1,0.06,39.9,Tier 4: Strategic Impact,11.5,28.4,0.003,0.41,0.008,0.92,0.69,,6.20,1.74,200.54
116,Oman,OMN,5.3,3.17,39.7,Tier 4: Strategic Impact,12.7,27.0,0.190,22.82,0.431,51.72,0.80,30.46,0.59,0.04,122.29
117,Rwanda,RWA,14.3,8.55,39.4,Tier 4: Strategic Impact,20.0,19.5,0.513,61.59,1.163,139.60,16.33,,1.77,3.61,91.46
118,Bahrain,BHR,1.6,0.95,39.3,Tier 4: Strategic Impact,10.8,28.5,0.057,6.86,0.130,15.56,0.55,17.68,0.92,,153.90
119,Kiribati,KIR,0.1,0.08,39.3,Tier 4: Strategic Impact,19.3,20.1,0.005,0.58,0.011,1.32,7.13,,2.46,4.03,51.25
120,Malawi,MWI,21.7,12.99,39.3,Tier 4: Strategic Impact,23.4,15.9,0.780,93.55,1.767,212.05,31.23,49.63,32.18,1.35,61.09
121,Uruguay,URY,3.4,2.03,39.3,Tier 4: Strategic Impact,11.8,27.5,0.122,14.63,0.276,33.16,0.68,26.25,4.85,0.17,141.72
122,Brazil,BRA,212.0,127.20,39.2,Tier 4: Strategic Impact,12.1,27.0,7.632,915.83,17.299,2075.89,1.58,13.62,4.37,0.20,101.02
123,Kuwait,KWT,4.9,2.94,39.1,Tier 4: Strategic Impact,9.2,29.9,0.176,21.16,0.400,47.95,0.50,25.54,2.90,0.01,167.68
124,Namibia,NAM,3.0,1.82,38.6,Tier 4: Strategic Impact,16.8,21.9,0.109,13.09,0.247,29.67,3.70,27.08,4.24,0.68,87.68
125,Ethiopia,ETH,132.1,79.24,38.5,Tier 4: Strategic Impact,21.5,17.0,4.754,570.50,10.776,1293.13,14.39,51.17,21.04,0.40,59.87
126,Trinidad and Tobago,TTO,1.4,0.82,38.4,Tier 4: Strategic Impact,12.5,25.9,0.049,5.91,0.112,13.40,0.87,25.41,0.53,0.81,134.23
127,India,IND,1450.9,870.56,38.3,Tier 4: Strategic Impact,13.8,24.5,52.234,6268.04,118.396,14207.56,6.06,10.98,4.95,3.29,80.56
128,Bulgaria,BGR,6.4,3.86,37.9,Tier 4: Strategic Impact,12.6,25.3,0.232,27.83,0.526,63.07,0.93,15.28,2.45,2.24,117.93
129,Kenya,KEN,56.4,33.86,37.8,Tier 4: Strategic Impact,14.8,23.0,2.032,243.79,4.605,552.59,7.65,9.88,4.49,3.93,120.61
130,Palau,PLW,0.0,0.01,37.8,Tier 4: Strategic Impact,12.8,25.0,0.001,0.08,0.001,0.17,1.05,,2.23,0.80,135.39
131,Belize,BLZ,0.4,0.25,37.5,Tier 4: Strategic Impact,18.1,19.4,0.015,1.80,0.034,4.08,2.12,32.03,3.29,4.90,67.18
132,Djibouti,DJI,1.2,0.70,37.5,Tier 4: Strategic Impact,19.3,18.2,0.042,5.05,0.095,11.44,4.59,,2.11,1.50,48.45
133,Saudi Arabia,SAU,35.3,21.18,37.5,Tier 4: Strategic Impact,7.7,29.9,1.271,152.50,2.881,345.66,0.46,21.16,1.69,0.03,157.78
134,Grenada,GRD,0.1,0.07,37.4,Tier 4: Strategic Impact,16.8,20.6,0.004,0.51,0.010,1.15,1.39,,1.09,3.05,95.76
135,Poland,POL,36.6,21.94,37.1,Tier 4: Strategic Impact,9.5,27.6,1.316,157.94,2.983,357.99,0.65,13.86,3.79,1.05,135.15
136,Puerto Rico (US),PRI,3.2,1.92,36.6,Tier 4: Strategic Impact,12.8,23.8,0.115,13.84,0.261,31.37,0.41,,,,124.51
137,Seychelles,SYC,0.1,0.07,36.1,Tier 4: Strategic Impact,11.4,24.7,0.004,0.52,0.010,1.19,0.91,,0.31,0.52,129.24
138,Burundi,BDI,14.0,8.43,35.9,Tier 4: Strategic Impact,21.3,14.6,0.506,60.69,1.146,137.56,74.38,,20.21,5.70,63.16
139,Japan,JPN,124.0,74.39,35.9,Tier 4: Strategic Impact,4.9,30.9,4.463,535.57,10.116,1213.97,0.50,1.48,2.74,0.11,178.43
140,Curacao,CUW,0.2,0.09,35.8,Tier 4: Strategic Impact,19.9,15.9,0.006,0.67,0.013,1.53,0.71,,,5.38,93.80
141,Croatia,HRV,3.9,2.32,35.5,Tier 4: Strategic Impact,10.9,24.5,0.139,16.70,0.315,37.86,0.68,7.36,2.97,7.10,117.11
142,Hungary,HUN,9.6,5.74,35.3,Tier 4: Strategic Impact,10.3,25.0,0.344,41.31,0.780,93.63,0.70,13.04,3.70,2.41,105.05
143,Slovak Republic,SVK,5.4,3.25,35.2,Tier 4: Strategic Impact,8.4,26.8,0.195,23.42,0.442,53.09,0.63,7.78,2.76,2.04,138.23
144,Central African Republic,CAF,5.3,3.20,34.9,Tier 4: Strategic Impact,22.1,12.8,0.192,23.03,0.435,52.20,31.62,,1.48,,38.82
145,"Korea, Rep.",KOR,51.8,31.05,34.4,Tier 4: Strategic Impact,4.4,30.0,1.863,223.56,4.223,506.75,0.45,3.11,2.32,0.39,162.11
146,Uganda,UGA,50.0,30.01,34.3,Tier 4: Strategic Impact,17.7,16.6,1.801,216.07,4.081,489.75,15.14,27.17,3.32,3.10,76.30
147,St. Lucia,LCA,0.2,0.11,34.2,Tier 4: Strategic Impact,13.6,20.6,0.006,0.78,0.015,1.76,1.15,,-0.11,2.60,98.67
148,Latvia,LVA,1.9,1.12,34.1,Tier 4: Strategic Impact,8.7,25.5,0.067,8.06,0.152,18.27,0.70,5.03,1.27,2.89,119.91
149,United Arab Emirates,ARE,11.0,6.59,34.1,Tier 4: Strategic Impact,3.0,31.1,0.396,47.46,0.896,107.58,0.32,14.26,1.66,0.36,199.42
150,Barbados,BRB,0.3,0.17,33.8,Tier 4: Strategic Impact,12.7,21.0,0.010,1.22,0.023,2.77,0.61,,1.45,,114.58
151,St. Kitts and Nevis,KNA,0.0,0.03,33.7,Tier 4: Strategic Impact,11.8,21.9,0.002,0.20,0.004,0.46,0.68,,3.56,3.52,118.89
152,Solomon Islands,SLB,0.8,0.49,33.4,Tier 4: Strategic Impact,18.2,15.3,0.029,3.54,0.067,8.02,8.44,,4.32,5.61,62.07
153,Greece,GRC,10.4,6.24,33.3,Tier 4: Strategic Impact,8.7,24.7,0.375,44.95,0.849,101.89,0.66,11.45,2.74,0.22,110.79
154,Brunei Darussalam,BRN,0.5,0.28,33.0,Tier 4: Strategic Impact,8.8,24.3,0.017,2.00,0.038,4.53,0.49,,-0.39,,118.67
155,Estonia,EST,1.4,0.82,32.8,Tier 4: Strategic Impact,5.7,27.1,0.049,5.93,0.112,13.44,0.52,1.10,3.52,1.18,150.20
156,Sint Maarten (Dutch part),SXM,0.0,0.03,32.7,Tier 4: Strategic Impact,7.3,25.4,0.002,0.19,0.004,0.42,0.39,,,2.85,205.37
157,Portugal,PRT,10.7,6.42,32.4,Tier 4: Strategic Impact,7.1,25.3,0.385,46.20,0.873,104.72,0.56,8.60,2.42,0.59,123.00
158,Czechia,CZE,10.9,6.54,31.9,Tier 4: Strategic Impact,6.6,25.3,0.393,47.11,0.890,106.78,0.51,7.72,2.44,1.24,126.00
159,Lithuania,LTU,2.9,1.73,31.8,Tier 4: Strategic Impact,5.7,26.1,0.104,12.48,0.236,28.28,0.56,1.01,0.72,1.22,137.20
160,Spain,ESP,48.8,29.31,31.3,Tier 4: Strategic Impact,4.4,26.9,1.759,211.03,3.986,478.33,0.46,1.62,2.77,0.34,127.72
161,Guyana,GUY,0.8,0.50,31.2,Tier 4: Strategic Impact,8.9,22.2,0.030,3.59,0.068,8.14,0.55,,2.90,3.22,112.57
162,"Hong Kong SAR, China",HKG,7.5,4.51,31.2,Tier 4: Strategic Impact,0.7,30.5,0.271,32.50,0.614,73.68,0.30,2.20,1.73,0.12,319.49
163,Italy,ITA,59.0,35.37,31.1,Tier 4: Strategic Impact,5.2,25.9,2.122,254.68,4.811,577.26,0.40,13.98,0.98,0.52,131.87
164,Cyprus,CYP,1.4,0.81,30.3,Tier 4: Strategic Impact,4.4,25.9,0.049,5.87,0.111,13.30,0.42,3.87,1.80,1.81,148.33
165,Papua New Guinea,PNG,10.6,6.35,30.0,Tier 4: Strategic Impact,17.0,13.0,0.381,45.69,0.863,103.57,5.43,,0.60,0.04,34.06
166,Slovenia,SVN,2.1,1.28,29.7,Tier 5: Adoption-Led,4.8,24.9,0.077,9.19,0.174,20.83,0.48,1.25,1.97,1.33,129.23
167,Singapore,SGP,6.0,3.62,28.9,Tier 5: Adoption-Led,1.0,27.9,0.217,26.08,0.493,59.11,0.18,2.03,2.39,,173.20
168,Israel,ISR,10.0,5.98,28.1,Tier 5: Adoption-Led,2.5,25.6,0.359,43.09,0.814,97.67,0.30,10.73,3.07,0.19,153.34
169,"Macao SAR, China",MAC,0.7,0.41,28.1,Tier 5: Adoption-Led,0.3,27.8,0.025,2.97,0.056,6.73,0.23,,0.67,0.24,192.48
170,Qatar,QAT,2.9,1.71,27.3,Tier 5: Adoption-Led,0.7,26.6,0.103,12.35,0.233,27.98,0.21,,1.27,0.66,157.82
171,Luxembourg,LUX,0.7,0.41,26.9,Tier 5: Adoption-Led,2.1,24.8,0.024,2.92,0.055,6.63,0.12,,2.05,2.84,144.47
172,Malta,MLT,0.6,0.34,26.6,Tier 5: Adoption-Led,2.4,24.2,0.020,2.46,0.046,5.57,0.37,3.44,1.65,0.07,140.59
173,Sweden,SWE,10.6,6.34,26.5,Tier 5: Adoption-Led,1.0,25.5,0.381,45.66,0.862,103.50,0.29,1.43,2.84,0.67,140.27
174,France,FRA,68.6,41.13,25.9,Tier 5: Adoption-Led,1.9,24.0,2.468,296.14,5.594,671.26,0.35,0.81,2.00,1.20,116.69
175,Andorra,AND,0.1,0.05,25.8,Tier 5: Adoption-Led,1.6,24.2,0.003,0.35,0.007,0.80,0.33,,,1.28,156.10
176,Germany,DEU,83.5,50.11,25.8,Tier 5: Adoption-Led,0.8,25.0,3.007,360.79,6.815,817.79,0.29,1.70,2.26,0.46,124.66
177,United States,USA,340.1,204.07,25.8,Tier 5: Adoption-Led,1.0,24.8,12.244,1469.28,27.753,3330.37,0.19,2.98,2.95,0.03,112.41
178,United Kingdom,GBR,69.2,41.54,25.7,Tier 5: Adoption-Led,0.7,25.0,2.492,299.06,5.649,677.86,0.31,0.72,3.27,0.13,122.78
179,Netherlands,NLD,18.0,10.80,25.5,Tier 5: Adoption-Led,0.8,24.7,0.648,77.73,1.468,176.19,0.24,0.83,3.35,0.38,125.27
180,Switzerland,CHE,9.0,5.40,25.4,Tier 5: Adoption-Led,0.6,24.8,0.324,38.90,0.735,88.18,0.16,1.59,1.06,0.39,130.22
181,"Bahamas, The",BHS,0.4,0.24,25.1,Tier 5: Adoption-Led,3.9,21.1,0.014,1.73,0.033,3.93,0.41,,0.41,0.41,100.05
182,Denmark,DNK,6.0,3.59,25.0,Tier 5: Adoption-Led,0.6,24.4,0.215,25.82,0.488,58.53,0.23,1.35,1.37,0.38,126.72
183,New Zealand,NZL,5.3,3.17,24.9,Tier 5: Adoption-Led,1.1,23.8,0.190,22.84,0.431,51.78,0.33,2.14,2.92,0.16,126.85
184,Australia,AUS,27.2,16.32,24.6,Tier 5: Adoption-Led,0.9,23.7,0.979,117.49,2.219,266.31,0.25,1.99,3.17,0.09,112.51
185,Austria,AUT,9.2,5.51,24.6,Tier 5: Adoption-Led,0.8,23.8,0.330,39.65,0.749,89.87,0.28,0.49,2.94,0.63,121.75
186,Finland,FIN,5.6,3.37,24.2,Tier 5: Adoption-Led,0.4,23.8,0.202,24.28,0.459,55.03,0.31,0.16,1.57,0.25,127.47
187,Aruba,ABW,0.1,0.06,24.1,Tier 5: Adoption-Led,6.7,17.4,0.004,0.47,0.009,1.06,0.41,,,1.02,130.65
188,Belgium,BEL,11.9,7.12,24.0,Tier 5: Adoption-Led,1.7,22.3,0.427,51.23,0.968,116.12,0.29,1.76,3.14,2.25,103.20
189,Norway,NOR,5.6,3.34,23.8,Tier 5: Adoption-Led,0.8,22.9,0.201,24.07,0.455,54.56,0.19,1.44,3.15,0.20,109.65
190,Iceland,ISL,0.4,0.23,23.6,Tier 5: Adoption-Led,1.2,22.4,0.014,1.67,0.032,3.78,0.19,0.15,5.86,0.70,121.48
191,Ireland,IRL,5.4,3.24,23.4,Tier 5: Adoption-Led,0.7,22.8,0.194,23.31,0.440,52.84,0.14,1.71,2.11,0.10,110.80
192,Canada,CAN,41.3,24.77,22.8,Tier 5: Adoption-Led,0.7,22.2,1.486,178.37,3.369,404.30,0.30,1.60,2.38,0.04,94.15
193,Syrian Arab Republic,SYR,24.7,14.80,22.6,Tier 5: Adoption-Led,6.4,16.2,0.888,106.59,2.013,241.60,,,,,72.44
194,San Marino,SMR,0.0,0.02,22.4,Tier 5: Adoption-Led,0.9,21.4,0.001,0.15,0.003,0.33,0.27,,1.24,1.10,120.27
195,Liechtenstein,LIE,0.0,0.02,22.1,Tier 5: Adoption-Led,,22.1,0.001,0.17,0.003,0.40,0.08,,,,127.06
196,Monaco,MCO,0.0,0.02,20.2,Tier 5: Adoption-Led,,20.2,0.001,0.17,0.003,0.38,0.06,,,,104.06
197,Turks and Caicos Islands,TCA,0.0,0.03,20.0,Tier 5: Adoption-Led,15.0,5.0,0.002,0.20,0.004,0.46,0.44,,,,
198,Cayman Islands,CYM,0.1,0.04,16.9,Tier 5: Adoption-Led,0.1,16.7,0.003,0.32,0.006,0.73,0.16,,,0.15,139.31
199,Greenland,GRL,0.1,0.03,14.2,Tier 5: Adoption-Led,,14.2,0.002,0.25,0.005,0.56,0.28,,,,118.64
200,Faroe Islands,FRO,0.1,0.03,12.7,Tier 5: Adoption-Led,,12.7,0.002,0.24,0.004,0.54,0.22,,,,105.80
201,Channel Islands,CHI,0.2,0.10,1.0,Tier 5: Adoption-Led,,1.0,0.006,0.73,0.014,1.65,0.22,,,,
